,Unnamed: 0,offer date,IPO name,ticker,CUSIP,Rollup,VC,Dual,Internet,Post-issue shares,CRSP perm,Founding,Unnamed: 11,Unnamed: 12,Unnamed: 13,cusip_trunc
15,6084,19940616,Liberty Property Trust,LRY,531172104,.,0,1,0,18355548,80691,1972,,,,5311
19,6156,19940728,Home Properties of New York,HME,437306103,.,0,0,0,.,80723,-99,,,,4373
29,6344,19941205,Apollo Group (U of Phoenix),APOLA,037604105,0,0,1,0,10109239,81138,1981,,,,0376
31,6376,19950110,Diasys,DIYS,252838107,0,0,0,0,.,81201,1992,,,,2528
35,6416,19950214,Globalstar Telecommunications,GSTRF,G3930H104,0,0,0,0,.,81249,1994,,,,G393
42,6477,19950410,PMI Group,PMA,69344M101,0,0,0,0,.,81530,1980,,,,6934
44,6486,19950419,Taitron Components,TAIT,874028103,0,0,1,0,6599953,81588,1989,,,,8740
46,6504,19950504,Phoenix Gold International,PGLD,719068108,0,0,0,0,.,81637,1991,,,,7190
53,6533,19950601,FEI,FEIC,30241L109,0,1,0,0,.,81705,1971,,,,3024
59,6591,19950706,Legato Systems,LGTO,524651106,0,1,0,0,.,81877,1988,,,,5246
71,6731,19951005,Gadzooks,GADZ,362553109,0,2,0,0,.,82492,1982,,,,3625
76,6739,19951006,Vodavi Technology,VTEK,92857V102,0,0,0,0,.,82536,1983,,,,9285
81,6762,19951018,ADE,ADEX,00089C107,0,1,0,0,.,82467,1967,,,,0008
89,6811,19951109,Medwave,MDWV,585081102,0,1,0,0,.,82593,1984,,,,5850
96,6827,19951116,CFC International,CFCI,125252106,0,0,1,0,4501736,82558,1986,,,,1252
103,6845,19951120,Emeritus,ESC,291005106,0,0,0,0,.,82638,1993,,,,2910
108,6864,19951127,ENI SpA,E,26874R108,0,0,0,0,.,82637,-99,,,,2687
109,6867,19951129,Pixar,PIXR,725811103,0,0,0,0,.,82606,1985,,,,7258
118,6906,19951213,Kensey Nash,KNSY,490057106,0,0,0,0,.,82717,1984,,,,4900
121,6919,19951214,Star Gas Partners LP,SGU,85512C105,0,0,0,0,.,82743,-99,,,,8551
129,6981,19960201,Conceptus,CPTS,206016107,0,1,0,0,.,83123,1992,,,,2060
130,6988,19960205,Arthrocare,ARTC,043136100,0,1,0,0,.,83113,1993,,,,0431
134,7012,19960214,Landec,LNDC,514766104,0,1,0,0,.,83148,1986,,,,5147
138,7024,19960220,Impath,IMPH,45255G101,0,1,0,0,.,83141,1988,,,,4525
144,7054,19960307,IPC Holdings,IPCR,G4933P101,0,2,0,0,.,83279,1993,,,,G493
145,7055,19960308,Cytyc,CYTC,232946103,0,1,0,0,.,83251,1987,,,,2329
161,7159,19960422,Carbo Ceramics,CRBO,140781105,0,0,0,0,.,83366,1987,,,,1407
173,7204,19960508,En Pointe Technologies,ENPT,29247F108,0,0,0,0,.,83499,1993,,,,2924
182,7250,19960522,Open Market,OMKT,68370M100,0,1,0,0,.,83539,1994,,,,6837
189,7269,19960530,Exactech,EXAC,30064E109,0,0,0,0,.,83503,1985,,,,3006
203,7323,19960620,CollaGenex,CGPI,19419B100,0,1,0,0,.,83638,1992,,,,1941
205,7331,19960621,EP MedSystems,EPMD,26881P103,0,0,0,0,.,83653,1993,,,,2688
216,7383,19960710,Maxim Pharmaceuticals,MMP,57772M107,0,1,0,0,.,83722,1954,,,,5777
224,7429,19960801,FPIC Insurance Group,FPIC,302563101,0,0,0,0,.,83866,1975,,,,3025
227,7436,19960806,Professional Staff,PSTFY,74315R105,0,1,0,0,.,83895,-99,,,,7431
235,7458,19960813,Ace*Comm,ACEC,004404109,0,1,0,0,.,83838,1983,,,,0044
262,7585,19961016,ArQule,ARQL,04269E107,0,1,0,0,.,84052,1993,,,,0426
270,7638,19961030,Bitstream,BITS,091736108,0,1,1,0,5783689,84057,1981,,,,0917
285,7712,19961121,Nu Skin Asia Pacific,NUS,67018T105,0,0,1,0,83409500,84172,1991,,,,6701
303,7756,19961211,GroupeAB,ABG,39944Q109,0,0,0,0,.,84368,-99,,,,3994
308,7792,19961220,First Mariner Bancorp,FMAR,320795107,0,0,0,0,.,84309,1994,,,,3207
309,7798,19970116,Vita Food Products Inc,VSF,928450105,0,0,0,0,.,84784,-99,,,,9284
311,7803,19970122,CD Warehouse Inc,CDWI,12512W105,0,0,0,0,.,84412,1996,,,,1251
315,7821,19970129,SCPIE Holdings Inc,SKP,78402P104,0,0,0,0,.,84395,1991,,,,7840
317,7829,19970130,Trigon Healthcare Inc,TGH,89618L100,0,0,0,0,.,84396,1935,,,,8961
320,7842,19970205,Digital Lightwave Inc,DIGL,253855100,0,0,0,0,.,84525,1990,,,,2538
323,7859,19970212,Biosite Diagnostics,BSTE,090945106,0,1,0,0,.,84514,1988,,,,0909
325,7862,19970212,Profile Technology Inc,PRTK,743164105,0,0,0,0,.,84572,1995,,,,7431
347,7943,19970414,Take-Two Interactive Software,TTWO,874054109,0,0,0,0,.,84761,1993,,,,8740
348,7948,19970417,D.G. Jewellery of Canada Ltd,DGJLF,23321U107,0,0,0,0,.,84729,1979,,,,2332
358,8011,19970605,Silverleaf Resorts Inc,SVR,828395103,0,0,0,0,.,85075,1989,,,,8283
366,8033,19970618,Aris Corp,ARSC,04040A101,0,0,0,0,.,85001,1990,,,,0404
390,8133,19970807,GlobeComm Systems Inc,GCOM,37956X103,0,1,0,0,.,85291,1994,,,,3795
395,8152,19970814,TV Azteca,TZA,901145102,0,0,0,0,.,85267,-99,,,,9011
412,8225,19971001,OSI Systems Inc,OSIS,671044105,0,0,0,0,.,85488,1987,,,,6710
415,8234,19971007,Logility Inc,LGTY,54140Y103,0,0,0,1,.,85477,1992,,,,5414
416,8236,19971007,Trimeris Inc,TRMS,896263100,0,1,0,0,.,85511,1993,,,,8962
418,8240,19971009,A C Moore Arts & Crafts Inc,ACMR,00086T103,0,0,0,0,.,85452,1985,,,,0008
433,8291,19971031,Pericom Semiconductor Corp,PSEM,713831105,0,0,0,0,.,85496,1990,,,,7138
441,8322,19971113,Captec Net Lease Realty Inc,CRRR,140724105,.,0,0,0,.,85537,1997,,,,1407
447,8344,19971119,Progenics Pharmaceuticals Inc,PGNX,743187106,0,1,0,0,.,85571,1986,,,,7431
450,8353,19971121,Amb Property Corp,AMB,00163T109,.,0,0,0,.,85592,1983,,,,0016
454,8371,19971125,GameTech International Inc,GMTC,36466D102,0,0,0,0,.,85550,1994,,,,3646
457,8381,19971203,Apex Mortgage Capital Inc,AXM,037564101,0,0,0,0,.,85639,-99,,,,0375
466,8413,19971219,PacificHealth Laboratories,PHLI,695113100,0,0,0,0,.,85709,1995,,,,6951
468,8417,19980115,800 Travel Systems Inc,IFLY,282506104,0,0,0,0,.,85733,1995,,,,2825
471,8429,19980129,Mercury Computer Systems Inc,MRCY,589378108,0,1,0,0,.,85738,1981,,,,5893
477,8446,19980205,Visual Networks,VNWK,928444108,0,1,0,0,.,85854,1994,,,,9284
487,8466,19980212,Quanta Services Inc,PWR,74762E102,1,0,1,0,15972333,85792,1997,,,,7476
514,8535,19980402,Omega Protein Corporation,OME,68210P107,0,0,0,0,.,85951,1913,,,,6821
515,8537,19980408,Annuity and Life RE Holdings,ALREF,G03910109,0,0,0,0,.,85960,1997,,,,G039
521,8547,19980416,Broadcom Corp,BRCM,111320107,0,0,1,1,42760076,85963,1991,,,,1113
543,8597,19980513,Federated Investors,FII,314211103,0,0,1,0,86343000,86102,1957,,,,3142
563,8659,19980619,Interplay Entertainment,IPLY,460615107,0,0,0,0,.,86174,1982,,,,4606
565,8665,19980623,Blue River Bancshares Inc,BRBI,09602P107,0,0,0,0,.,86151,1937,,,,0960
571,8680,19980629,LMI Aerospace Inc,LMIA,502079106,0,0,0,0,.,86178,1948,,,,5020
573,8683,19980630,Allegiance Telecom Inc,ALGX,01747T102,0,1,0,1,.,86238,1997,,,,0174
579,8699,19980717,Actuate Software Corp,ACTU,00508B102,0,1,0,0,.,86236,1994,,,,0050
598,8741,19980811,Digital River Inc,DRIV,25388B104,0,1,0,1,.,86322,1994,,,,2538
604,8759,19981003,Swisscom AG,SCM,871013108,0,0,0,0,.,86376,-99,,,,8710
609,8768,19981110,MONY Group Inc,MNY,615337102,0,0,0,0,.,86411,1901,,,,6153
612,8773,19981112,theglobe.com inc,TGLO,88335R101,0,0,0,1,.,86436,1995,,,,8833
621,8803,19981217,Artificial Life Inc,ALIF,04314Q105,0,0,0,1,.,86520,1994,,,,0431
638,8829,19990128,Tut Systems Inc,TUTS,901103101,0,1,0,1,.,86586,1991,,,,9011
639,8831,19990129,Packaged Ice Inc,ICED,695148106,1,2,0,0,.,86577,1990,,,,6951
656,8873,19990308,Argosy Education Group Inc,ARGY,040222101,1,0,1,0,6900000,86794,1975,,,,0402
662,8883,19990322,Autoweb.com,AWEB,053331104,0,1,0,1,.,86766,1995,,,,0533
665,8894,19990405,PLX Technology Inc,PLXT,693417107,0,1,0,0,.,86840,1984,,,,6934
673,8906,19990414,Sagent Technology Inc,SGNT,786693101,0,1,0,0,.,86844,1995,,,,7866
674,8907,19990415,Accredo Health Inc,ACDO,00437V104,0,2,0,0,.,86813,1985,,,,0043
681,8921,19990426,Immtech International Inc,IMMT,452519101,0,0,0,0,.,86829,1984,,,,4525
694,8965,19990521,Fashionmall.com,FASH,31186K106,0,0,0,1,.,86892,1994,,,,3118
697,8971,19990525,Juno Online Services Inc,JWEB,482048105,0,1,0,1,.,86898,1995,,,,4820
705,8988,19990603,Zany Brainy Inc,ZANY,98906Q101,0,2,0,0,.,87011,1991,,,,9890
718,9032,19990624,Juniper Networks,JNPR,48203R104,0,1,0,1,.,86979,1996,,,,4820
722,9039,19990629,Digital Island Inc,ISLD,25385N101,0,1,0,1,.,86978,1994,,,,2538
726,9049,19990701,Clarent Corp,CLRN,180461105,0,1,0,1,.,87102,1996,,,,1804
734,9071,19990720,Art Technology Group Inc,ARTG,04289L107,0,1,0,1,.,87099,1991,,,,0428
750,9111,19990730,Accrue Software Inc,ACRU,00437W102,0,1,0,1,.,87050,1996,,,,0043
758,9124,19990804,Pivotal Corp,PVTL,72581R106,0,0,0,0,.,87181,1990,,,,7258
774,9153,19990820,Lionbridge Technologies,LIOX,536252109,0,1,0,1,.,87172,1996,,,,5362
782,9165,19990921,E.piphany Inc,EPNY,26881V100,0,1,0,1,.,87228,1997,,,,2688
784,9169,19990922,Broadbase Software Inc,BBSW,11130R100,0,1,0,0,.,87222,1995,,,,1113
794,9191,19990928,Spinnaker Exploration Co,SPNX,84855W109,0,0,0,0,.,87254,1996,,,,8485
795,9192,19990929,Acme Communications Inc,ACME,004631107,1,2,0,0,.,87219,1993,,,,0046
799,9200,19990930,Digital Insight Corp,DGIN,25385P106,0,1,0,1,.,87314,1995,,,,2538
801,9206,19991001,Vixel Corp,VIXL,928552108,0,1,0,0,.,87353,1991,,,,9285
813,9225,19991008,Vitaminshoppe.com Inc,VSHP,92848M104,0,1,1,1,20359074,87355,1997,,,,9284
815,9228,19991014,Igo Corp,IGOC,449592104,0,1,0,1,.,87325,1993,,,,4495
832,9273,19991103,Pac-West Telecomm Inc,PACW,69371Y101,0,1,0,0,.,87407,1982,,,,6937
834,9282,19991109,Data Critical Corp,DCCA,237622105,0,1,0,0,.,87383,1992,,,,2376
838,9292,19991111,Sage Inc,SAGI,786632109,0,1,0,0,.,87416,1994,,,,7866
839,9296,19991112,Immersion Corp,IMMR,452521107,0,0,0,0,.,87394,1993,,,,4525
841,9301,19991116,Virata Corp,VRTA,927646109,0,1,0,1,.,87427,1993,,,,9276
850,9321,19991122,Digital Impact Inc,DIGI,25385G106,0,1,0,1,.,87385,1997,,,,2538
852,9327,19991123,OpenTV Corp(MIH Ltd),OPTV,G67543101,0,0,0,0,.,87406,1996,,,,G675
853,9328,19991123,PNV Inc,PNVN,69348A103,0,1,0,0,.,87409,1995,,,,6934
855,9332,19991202,Digimarc Corp,DMRC,253807101,0,1,0,1,.,87482,1995,,,,2538
857,9337,19991207,Classic Communications Inc,CLSC,182728204,1,2,1,0,16989603,87480,1992,,,,1827
875,9377,20000126,T/R Systems Inc,TRSI,87263U102,0,1,0,0,.,87576,1991,,,,8726
878,9381,20000127,Packaging Corp of America,PKG,695156109,0,0,0,0,.,87541,1965,,,,6951
886,9404,20000208,Fastnet Corp,FSST,311877104,0,1,0,1,.,87830,1994,,,,3118
887,9405,20000208,Landacorp Inc,LCOR,514756105,0,1,0,1,.,87615,1982,,,,5147
895,9418,20000211,Beasley Broadcast Group Inc,BBGI,074014101,0,0,1,0,24273441,87589,1961,,,,0740
906,9439,20000224,Digitalthink Inc,DTHK,25388M100,0,1,0,1,.,87599,1996,,,,2538
907,9440,20000224,Intersil Holding Corp,ISIL,46069S109,0,0,1,0,89301185,87612,1980,,,,4606
909,9446,20000301,MatrixOne Inc,MONE,57685P304,0,1,0,0,.,87793,1983,,,,5768
913,9451,20000302,Switchboard Inc,SWBD,871045100,0,0,0,1,.,87817,1996,,,,8710
917,9459,20000308,New China Homes Ltd,CHOM,G6445R103,0,0,0,0,.,87794,1997,,,,G644
921,9465,20000310,OTG Software Inc,OTGS,671059103,0,1,0,1,.,87799,1992,,,,6710
922,9467,20000313,Digitas Inc,DTAS,25388K104,0,0,0,1,.,87763,1980,,,,2538
928,9481,20000321,Aclara Biosciences Inc,ACLA,00461P106,0,1,0,0,.,87748,1995,,,,0046
943,9516,20000406,LivePerson Inc,LPSN,538146101,0,1,0,1,.,88174,1995,,,,5381
950,9529,20000411,HealthStream Inc,HSTM,42222N103,0,1,0,1,.,88167,1990,,,,4222
958,9538,20000419,Packard BioScience Co,PBSC,695172205,0,0,0,0,.,88186,1965,,,,6951
987,9599,20000628,Virage Inc,VRGE,92763Q106,0,1,0,1,.,88385,1994,,,,9276
997,9618,20000714,Omnivision Technologies Inc,OVTI,682128103,0,0,0,0,.,88458,1995,,,,6821
1002,9628,20000720,Talarian Corp,TALR,874090103,0,1,0,1,.,88470,1988,,,,8740
1003,9629,20000721,Variagenics Inc,VGNX,922196100,0,1,0,0,.,88476,1992,,,,9221
1008,9638,20000727,Discovery Partners Int'l Inc,DPII,254675101,0,1,0,0,.,88434,1995,,,,2546
1018,9650,20000731,Virage Logic Corp,VIRL,92763R104,0,1,0,0,.,88580,1995,,,,9276
1025,9659,20000802,Opnet Technologies Inc,OPNT,683757108,0,1,0,0,.,88550,1986,,,,6837
1028,9665,20000802,iAsia Works Inc,IAWK,45072L101,0,1,0,1,.,88530,1995,,,,4507
1036,9678,20000807,America Online Latin America,AOLA,02365B100,0,0,1,1,260420000,88500,1998,,,,0236
1043,9685,20000809,AtheroGenics Inc,AGIX,047439104,0,1,0,0,.,88498,1993,,,,0474
1047,9693,20000809,Tvia Inc,TVIA,87307P101,0,1,0,0,.,88577,1993,,,,8730
1063,9720,20000920,OmniSky Corp,OMNY,68213L103,0,1,0,1,.,88641,1999,,,,6821
1064,9723,20000921,TTM Technologies Inc,TTMI,87305R109,0,0,0,0,.,88648,1978,,,,8730
1081,9760,20001017,IXIA Communications,XXIA,45071R109,0,0,0,0,.,88750,1997,,,,4507
1086,9768,20001026,Crucell N.V.,CRXL,228769105,0,0,0,0,.,88725,-99,,,,2287
1092,9781,20001110,Computer Access Technology,CATZ,204853105,0,0,0,0,.,88793,1992,,,,2048
1095,9787,20001117,Array Biopharma Inc,ARRY,04269X105,0,1,0,0,.,88790,1998,,,,0426
1201,10072,20021125,AEW Real Estate Income Fund,RIF,00104H107,0,0,0,0,.,89580,-99,,,,0010
1213,10090,20021219,Federated Premier Intermediate,FPT,31423M105,0,0,0,0,.,89628,-99,,,,3142
1214,10091,20021219,Federated Premier Municipal,FMN,31423P108,0,0,0,0,.,89629,-99,,,,3142
1217,10097,20030214,Accredited Home Lenders,LEND,00437P107,0,1,0,0,.,89684,1990,,,,0043
1219,10100,20030227,Endurance Specialty Holdings,ENH,G30397106,0,0,0,0,.,89694,2001,,,,G303
1233,10123,20030701,Axis Capital Holdings Ltd,AXS,G0692U109,0,0,0,0,.,89789,2001,,,,G069
1242,10141,20030812,Gladstone Commercial Corp,GOOD,376536108,0,0,0,0,.,89823,-99,,,,3765
1256,10167,20031009,DigitalNet Holdings Inc,DNET,25389B103,0,0,0,0,.,89864,1973,,,,2538
1259,10171,20031023,First Potomac Realty Trust,FPO,33610F109,0,0,0,0,.,89878,-99,,,,3361
1275,10193,20031124,Gabelli Dividend & Inc Trust,GDV,36242H104,0,0,1,0,73007184,89893,2003,,,,3624
1278,10197,20031125,Open Solutions Inc,OPEN,68371P102,0,1,0,1,.,89917,1992,,,,6837
1282,10204,20031211,NPTest Holding Corp.,NPTT,67019A105,0,0,0,0,.,89937,1965,,,,6701
1288,10211,20031212,Natural Golf Corp.,NAX,63888E203,0,0,0,0,.,89963,1992,,,,6388
1297,10223,20031218,Tempur-Pedic International Inc,TPX,88023U101,0,0,0,0,.,89971,1989,,,,8802
1308,10238,20040202,TRW Automotive Holdings Corp,TRW,87264S106,0,0,0,0,.,90052,1904,,,,8726
1315,10247,20040206,AlphaSmart Inc,ALSM,02081F104,0,0,0,0,.,90021,1992,,,,0208
1316,10249,20040211,Atheros Communications Inc,ATHR,04743P108,0,1,0,0,.,90022,1998,,,,0474
1351,10301,20040427,RMR Hosp&Real Estate Fund,RHR,74963J108,0,0,.,0,.,90117,-99,,,,7496
1352,10302,20040427,TS&W/Claymore Tax-Adv Bal Fund,TYW,87280R108,0,0,.,0,.,90119,-99,,,,8728
1363,10317,20040525,Gabelli Glbl Utlty&Inc Trust,GLU,36242L105,0,0,.,0,.,90161,-99,,,,3624
1364,10320,20040526,Acadia Pharmaceuticals,ACAD,004225108,0,1,0,0,.,90177,1993,,,,0042
1366,10322,20040526,Critical Therapeutics Inc,CRTX,22674T105,0,1,0,0,.,90183,2000,,,,2267
1377,10339,20040621,Senomyx Inc,SNMX,81724Q107,0,1,0,0,.,90238,1998,,,,8172
1385,10350,20040624,Motive Inc,MOTV,61980V107,0,1,0,1,.,90234,1997,,,,6198
1394,10362,20040713,Homebanc Corp,HMB,43738R109,0,0,.,0,.,90255,-99,,,,4373
1407,10378,20040723,Auxilium Pharmaceuticals Inc,AUXL,05334D107,0,1,0,0,.,90275,1999,,,,0533
1409,10384,20040727,Prospect Street Energy Corp,PSEC,74348T102,0,0,.,0,.,90291,-99,,,,7434
1410,10386,20040728,Clough Global Allocation Fnd,GLV,18913Y103,0,0,.,0,.,90244,-99,,,,1891
1419,10397,20040806,Navteq Corp,NVT,63936L100,0,0,0,0,.,90309,1985,,,,6393
1432,10419,20040922,Educate Inc,EEEE,28138P100,0,0,0,0,.,90357,1979,,,,2813
1435,10423,20040927,Kayne Anderson MLP Inv Co,KYN,486606106,0,0,.,0,.,90340,-99,,,,4866
1452,10453,20041020,VNUS Medical Technologies Inc,VNUS,928566108,0,1,0,0,.,90428,1995,,,,9285
1458,10462,20041027,Build A Bear Workshop Inc,BBW,120076104,0,2,0,0,.,90371,1997,,,,1200
1461,10465,20041027,FoxHollow Technologies Inc,FOXH,35166A103,0,1,0,0,.,90407,1996,,,,3516
1464,10469,20041028,Digital Realty Trust Inc,DLR,253868103,0,0,0,0,.,90373,-99,,,,2538
1481,10490,20041122,RMR FIRE Fund,RFR,74963M101,0,0,0,0,.,90446,-99,,,,7496
1491,10507,20041214,Cascade Microtech Inc,CSCD,147322101,0,1,0,0,.,90478,1983,,,,1473
1497,10518,20041215,KMG America Corp,KMA,482563103,0,0,0,0,.,90504,1991,,,,4825
1521,10564,20050214,Alpha Natural Resources Inc,ANR,02076X102,0,0,0,0,.,90547,1984,,,,0207
1522,10566,20050214,ECC Capital Corp,ECR,26826M108,0,0,0,0,.,90551,-99,,,,2682
1540,10604,20050427,Clough Global Equity Fund,GLQ,18914C100,0,0,0,0,.,90646,-99,,,,1891
1551,10620,20050525,DiamondRock Hospitality Co,DRH,252784301,0,0,0,0,.,90680,-99,,,,2527
1564,10639,20050622,Builders FirstSource Inc,BLDR,12008R107,0,0,0,0,.,90720,1998,,,,1200
1565,10641,20050622,Gladstone Investment Corp,GAIN,376546107,0,0,0,0,.,90729,-99,,,,3765
1569,10648,20050627,Kayne Anderson Energy Total,KYE,48660P104,0,0,0,0,.,90761,-99,,,,4866
1579,10666,20050713,Focus Media(China)Holding Co,FMCN,34415V109,0,1,0,0,.,90810,2003,,,,3441
1596,10694,20050803,MWI Veterinary Supply Inc,MWIV,55402X105,0,0,0,0,.,90867,1976,,,,5540
1608,10712,20050810,CF Industries Inc,CF,125269100,0,0,0,0,.,90829,1946,,,,1252
1616,10728,20050919,Williams Scotsman Int Inc,WLSC,96950G102,0,0,0,0,.,90915,1955,,,,9695
1628,10748,20051011,TAL International Group Inc,TAL,874083108,0,0,0,0,.,90940,1963,,,,8740
1636,10766,20051027,Accentia Biopharmaceuticals,ABPI,00430L103,0,1,0,0,.,90945,2002,,,,0043
1639,10770,20051101,Newkirk Realty Trust Inc,NKT,651497109,0,0,0,0,.,90997,-99,,,,6514
1653,10826,20060131,Fortunet Inc,FNET,34969Q100,0,0,0,0,.,91079,1989,,,,3496
1660,10834,20060202,Digital Music Group Inc,DMGI,25388X106,0,0,0,1,.,91091,2004,,,,2538
1661,10835,20060202,HealthSpring Inc,HS,42224N101,0,0,0,0,.,91113,2000,,,,4222
1664,10843,20060208,NightHawk Radiology Holdings,NHWK,65411N105,0,1,0,1,.,91098,2001,,,,6541
1679,10869,20060404,Visicu Inc,EICU,92831L204,0,1,0,0,.,91175,1998,,,,9283
1687,10884,20060425,Clough Global Opportunities,GLO,18914E106,0,0,0,0,.,91194,-99,,,,1891
1688,10886,20060425,Global Income & Currency Fund,GCF,378968101,0,0,0,0,.,91198,-99,,,,3789
1692,10896,20060509,Novacea Inc,NOVC,66987B103,0,1,0,0,.,91279,2001,,,,6698
1701,10908,20060525,Mueller Water Products Inc,MWA,624758108,0,0,1,0,110844920,91234,1857,,,,6247
1715,10930,20060627,Omniture Inc,OMTR,68212S109,0,1,0,1,.,91362,1996,,,,6821
1726,10953,20060803,Osiris Therapeutics Inc,OSIR,68827R108,0,1,0,0,.,91434,1992,,,,6882
1727,10954,20060807,Aircastle Ltd,AYR,G0129K104,0,0,0,0,.,91426,2004,,,,G012
1729,10956,20060810,Evercore Partners Inc,EVR,29977A105,0,0,1,0,27132067,91413,1996,,,,2997
1732,10964,20060920,Kayne Anderson Energy Dvpt,KED,48660Q102,0,0,0,0,.,91452,-99,,,,4866
1741,10977,20060929,Omni Financial Services Inc,OFSI,68214U102,0,0,0,0,.,91470,1992,,,,6821
1743,10980,20061004,BreitBurn Energy Partners L.P.,BBEP,106776107,0,0,0,0,.,91494,1988,,,,1067
1758,11001,20061025,Achillion Pharmaceuticals Inc,ACHN,00448Q201,0,1,0,0,.,91491,1998,,,,0044
1761,11005,20061101,Debt Resolve Inc,DRV,24276R206,0,0,0,0,.,91569,1997,,,,2427
1762,11006,20061101,GLOBALSTAR INC,GSAT,378973408,0,0,0,0,.,91612,1993,,,,3789
1767,11011,20061108,KBW Inc,KBW,482423100,0,0,0,0,.,91578,1962,,,,4824
1773,11023,20061115,"KBR, Inc.",KBR,48242W106,0,0,0,0,.,91579,1901,,,,4824
1779,11030,20061121,Spirit Aerosystems Holdings,SPR,848574109,0,0,1,0,127992782,91594,1950,,,,8485
1785,11040,20061208,Allegiant Travel Company,ALGT,01748X102,0,0,0,0,.,91659,1997,,,,0174
1804,11065,20061219,Trina Solar Limited,TSL,89628E104,0,0,0,0,.,91653,1997,,,,8962
1805,11066,20061220,Artes Medical,ARTE,04301Q100,0,0,0,0,.,91660,1999,,,,0430
1808,11076,20070122,AeroVironment Inc,AVAV,008073108,0,0,0,0,.,91733,1971,,,,0080
1820,11099,20070207,Accuray Inc,ARAY,004397105,0,1,0,0,.,91814,1990,,,,0043
1822,11102,20070207,Switch And Data Inc,SDXC,871043105,0,1,0,0,.,91830,1998,,,,8710
1826,11111,20070214,OpNext Inc,OPXT,68375V105,0,0,0,0,.,91825,2000,,,,6837
1840,11137,20070326,Aruba Networks Inc,ARUN,043176106,0,1,0,1,.,91888,2002,,,,0431
1845,11144,20070328,GSI Technology Inc,GSIT,36241U106,0,1,0,0,.,91901,1995,,,,3624
1847,11146,20070328,SenoRx Inc,SENO,81724W104,0,1,0,0,.,91906,1998,,,,8172
1858,11165,20070425,Edenor,EDN,29244A102,0,0,1,0,303295943,91929,1992,,,,2924
1862,11173,20070502,Qiao Xing Mobile Commun,QXM,G73031109,0,0,0,0,.,92031,2000,,,,G730
1868,11181,20070514,Insulet Corp,PODD,45784P101,0,1,0,0,.,92050,2000,,,,4578
1884,11206,20070525,RMR Asia Real Estate Fund,RAF,74964Q101,0,0,1,0,4750000,92017,-99,,,,7496
1887,11211,20070605,Starent Networks Corp,STAR,85528P108,0,1,0,0,.,92104,2000,,,,8552
1895,11233,20070626,Data Domain Inc,DDUP,23767P109,0,1,0,0,.,92092,2001,,,,2376
1901,11242,20070627,Pros Holdings Inc,PRO,74346Y103,0,1,0,0,.,92143,1985,,,,7434
1902,11243,20070627,Vaughan Foods Inc,FOODU,92241M107,0,0,0,0,.,92199,1961,,,,9224
1918,11272,20070802,Concho Resources Inc,CXO,20605P101,0,0,0,0,.,92239,2004,,,,2060
1924,11279,20070808,DemandTec Inc,DMAN,24802R506,0,1,0,0,.,92214,1999,,,,2480
1928,11284,20070813,VMware Inc,VMW,928563402,0,1,1,0,375120000,92257,1998,,,,9285
1930,11289,20070919,athenahealth Inc,ATHN,04685W103,0,1,0,0,.,92296,1997,,,,0468
1943,11311,20071010,"Virgin Mobile USA, Inc",VM,92769R108,0,0,1,0,53137097,92376,2002,,,,9276
1948,11323,20071023,Longtop Finl Tech Ltd,LFT,54318P108,0,1,1,0,49277600,92338,1996,,,,5431
1965,11353,20071108,OSG America LP,OSP,671028108,0,0,1,0,15000000,92404,2007,,,,6710
1972,11370,20071116,Internet Brands Inc,INET,460608102,1,2,1,1,41767897,92442,1998,,,,4606
1984,11397,20071218,Orion Energy Systems Inc,OESX,686275108,0,1,0,0,.,92466,1996,,,,6862
1987,11403,20080117,Sports Prop Acq Corp,HMR,84920F107,0,0,0,0,.,92578,-99,,,,8492
1988,11404,20080117,Williams Pipeline Partners LP,WMZ,96950K103,0,0,1,0,22600668,92549,1983,,,,9695
2020,11465,20090513,DigitalGlobe Inc,DGI,25389M877,0,1,0,0,.,92924,1995,,,,2538
2021,11467,20090521,OpenTable Inc,OPEN,68372A104,0,1,0,1,.,92934,1999,,,,6837
2027,11476,20090630,LogMeIn Inc,LOGM,54142L109,0,1,0,0,.,92984,2003,,,,5414
2036,11489,20090923,A123 Systems Inc,AONE,03739T108,0,1,0,0,.,93037,2001,,,,0373
2037,11490,20090923,Apollo Coml RE Fin Inc,ARI,03762U105,0,0,0,0,.,93014,2009,,,,0376
2038,11491,20090923,Artio Global Investors Inc,ART,04315B107,0,0,1,0,60006924,93015,1962,,,,0431
2039,11493,20090923,Vitacost.com Inc,VITC,92847A200,0,0,0,1,.,93047,1994,,,,9284
2049,11503,20091007,Omeros Corp,OMER,682143102,0,1,0,0,.,93085,1994,,,,6821
2054,11511,20091027,Vitamin Shoppe Inc,VSI,92849E101,0,0,0,0,.,93071,1977,,,,9284
2058,11520,20091120,Archipelago Learning,ARCL,03956P102,0,0,0,1,.,93125,2000,,,,0395
2059,11521,20091120,Cloud Peak Energy,CLD,18911Q102,0,0,0,0,.,93095,1993,,,,1891
2060,11522,20091120,Global Defense Tech & Systems,GTEC,37950B107,0,0,0,0,.,93135,1969,,,,3795
2083,11743,20110127,BankUnited Inc,BKU,06652K103,0,0,0,0,.,12515,2009,,,,0665
2086,11747,20110201,Epocrates Inc,EPOC,29429D103,0,1,0,0,.,12576,1998,,,,2942
2088,11749,20110202,Pacira Pharmaceuticals Inc,PCRX,695127100,0,1,0,0,.,12583,2006,,,,6951
2095,11765,20110223,Apollo Senior Floating Rate,AFT,037636107,0,0,0,0,.,12543,-99,,,,0376
2108,11788,20110413,TMS International Corp,TMS,87261Q103,0,0,1,0,37575973,12682,2006,,,,8726
2113,11796,20110419,Sagent Pharmaceuticals Inc,SGNT,786692103,0,1,0,0,.,12695,2006,,,,7866
2115,11799,20110421,21Vianet Group Inc,VNET,90138A103,0,1,1,0,322515330,12699,1999,,,,9013
2121,11813,20110510,RLJ Lodging Trust,RLJ,74965L101,0,0,0,0,.,12756,2011,,,,7496
2127,11822,20110525,Freescale Semiconductor Hldg I,FSL,G3727Q101,0,0,0,0,.,12787,1949,,,,G372
2130,11827,20110525,Spirit Airlines Inc,SAVE,848577102,0,2,0,0,.,12796,1964,,,,8485
2131,11828,20110525,The Active Network Inc,ACTV,00506D100,0,2,0,0,.,12719,1998,,,,0050
2132,11831,20110608,Fusion-io Inc,FIO,36112J107,0,1,0,0,.,12865,2005,,,,3611
2137,11842,20110628,HomeAway Inc,AWAY,43739Q100,0,1,0,1,.,12882,2005,,,,4373
2143,11855,20110721,Apollo Residential Mortgage,AMTG,03763V102,0,0,0,0,.,12893,-99,,,,0376
2168,11902,20111213,Sanchez Energy Corp,SN,79970Y105,0,0,0,0,.,13139,1972,,,,7997
2177,11916,20120201,Greenway Medical Tech Inc,GWAY,39679B103,0,1,0,0,.,13227,1998,,,,3967
2179,11918,20120203,Cempra Inc,CEMP,15130J109,0,1,0,0,.,13263,2005,,,,1513
2185,11927,20120217,Brightcove Inc,BCOV,10921T101,0,1,0,0,.,13260,2004,,,,1092
2193,11939,20120314,Demandware Inc,DWRE,24802Y105,0,1,0,1,.,13292,2004,,,,2480
2194,11940,20120314,M/A-COM Technology Hldg,MTSI,55405Y100,0,2,0,0,.,13326,1952,,,,5540
2195,11944,20120321,ExactTarget Inc,ET,30064K105,0,1,0,0,.,13294,2000,,,,3006
2196,11946,20120322,Vipshop Holdings Ltd,VIPS,92763W103,0,1,1,1,50569283,13315,2008,,,,9276
2199,11951,20120327,Vocera Communications Inc,VCRA,92857F107,0,1,0,0,.,13316,2000,,,,9285
2204,11959,20120405,Retail Ppty of Americas Inc,RPAI,76131V202,0,0,1,0,230800176,13358,2003,,,,7613
2208,11964,20120417,Digital Cinema Destinations,DCIN,25383B109,0,0,1,0,4480507,13372,2010,,,,2538
2209,11966,20120418,Splunk Inc,SPLK,848637104,0,1,0,0,.,13379,2003,,,,8486
2212,11970,20120419,Proofpoint Inc,PFPT,743424103,0,1,0,1,.,13377,2002,,,,7434
2217,11977,20120430,Supernus Pharmaceuticals Inc,SUPN,868459108,0,0,0,0,.,13410,2005,,,,8684
2218,11978,20120502,EverBank Financial Corp,EVER,29977G102,0,0,0,0,.,13384,2004,,,,2997
2225,11987,20120510,Ignite Restaurant Group Inc,IRG,451730105,0,0,0,0,.,13408,1991,,,,4517
2228,11992,20120626,EQT Midstream Partners LP,EQM,26885B100,0,0,1,0,19214718,13432,2012,,,,2688
2230,11995,20120628,Exa Corp,EXA,300614500,0,1,0,0,.,13454,1991,,,,3006
2244,12017,20120802,Globus Medical Inc,GMED,379577208,0,1,1,0,90388441,13543,2003,,,,3795
2256,12035,20121002,LifeLock Inc,LOCK,53224V100,0,1,0,1,.,13616,2005,,,,5322
2260,12042,20121009,Ambarella Inc,AMBA,G037AX101,0,1,0,0,.,13634,2004,,,,G037
2266,12049,20121011,Diamondback Energy Inc,FANG,25278X109,0,0,0,0,.,13641,2007,,,,2527
2275,12066,20121107,OFS Capital Corp,OFS,67103B100,0,0,0,0,.,13698,2001,,,,6710
2292,12091,20130128,Gladstone Land Corp,LAND,376549101,0,0,0,0,.,13756,1997,,,,3765
2294,12094,20130130,TRI Pointe Homes Inc,TPH,87265H109,0,0,0,0,.,13748,2009,,,,8726
2297,12098,20130206,ExOne Co,XONE,302104104,0,0,0,0,.,13799,2005,,,,3021
2300,12102,20130207,ZAIS Financial Corp,ZFC,98886K108,0,0,0,0,.,13787,2011,,,,9888
2303,12109,20130306,Artisan Partners Asset Mgmt In,APAM,04316A108,0,0,1,0,70586743,13802,1994,,,,0431
2304,12110,20130312,Silver Spring Networks Inc,SSNI,82817Q103,0,1,0,0,.,13819,2002,,,,8281
2319,12135,20130416,Fairway Group Holdings Corp,FWM,30603D109,0,0,1,0,41282328,13874,1933,,,,3060
2329,12148,20130507,Armada Hoffler Properties Inc,AHH,04208T108,0,0,0,0,.,13887,1979,,,,0420
2332,12151,20130508,Emerge Energy Services LP,EMES,29102H108,0,0,1,0,23219680,13895,2012,,,,2910
2333,12154,20130508,Receptos Inc,RCPT,756207106,0,1,0,0,.,13942,2008,,,,7562
2345,12171,20130523,Global Brass & Copper Holdings,BRSS,37953G103,0,0,0,0,.,13903,1901,,,,3795
2346,12173,20130530,Epizyme Inc,EPZM,29428V104,0,1,0,0,.,13924,2007,,,,2942
2347,12174,20130605,LightInTheBox Hldg Co Ltd,LITB,53225G102,0,1,1,1,45653865,13999,2007,,,,5322
2350,12177,20130611,Gigamon Inc,GIMO,37518B102,0,1,0,0,.,13992,2004,,,,3751
2352,12179,20130618,bluebird bio Inc,BLUE,09609G100,0,1,0,0,.,13947,1992,,,,0960
2364,12195,20130626,Silvercrest Asset Management,SAMG,828359109,0,0,1,0,11968603,13969,2002,,,,8283
2366,12201,20130717,OncoMed Pharmaceuticals Inc,OMED,68234X102,0,1,0,0,.,14055,2004,,,,6823
2368,12203,20130718,Diamond Resorts International,DRII,25272T104,0,0,0,0,.,14017,1996,,,,2527
2374,12212,20130724,Conatus Pharmaceuticals Inc,CNAT,20600T108,0,1,0,0,.,14046,2005,,,,2060
2376,12215,20130725,KKR Income Opportunities Fund,KIO,48249T106,0,0,0,0,.,14027,-99,,,,4824
2380,12221,20130731,Sprouts Farmers Market LLC,SFM,85208M102,0,0,0,0,.,14102,2002,,,,8520
2381,12222,20130801,Athlon Energy Inc,ATHL,047477104,0,0,0,0,.,14062,2010,,,,0474
2395,12243,20130918,Acceleron Pharma Inc,XLRN,00434H108,0,1,0,0,.,14176,2003,,,,0043
2406,12263,20131001,Fate Therapeutics,FATE,31189P102,0,1,0,0,.,14245,2007,,,,3118
2420,12279,20131016,Veeva Systems,VEEV,922475108,0,1,1,1,122252440,14231,2007,,,,9224
2421,12280,20131017,ADMA Biologics,ADMA,000899104,0,1,0,0,.,15056,2004,,,,0008
2422,12282,20131025,Aerie Pharmaceuticals,AERI,00771V108,0,1,0,0,.,14238,2005,,,,0077
2428,12290,20131030,Criteo SA,CRTO,226718104,0,1,0,0,.,14240,2005,,,,2267
2432,12294,20131031,Essent Group Ltd,ESNT,G3198U102,0,2,0,0,.,14235,2008,,,,G319
2467,12344,20140117,EP Energy Corp,EPE,268785102,0,0,1,0,244753000,14392,1980,,,,2687
2474,12352,20140131,Cara Therapeutics,CARA,140755109,0,1,0,0,.,14422,2004,,,,1407
2482,12367,20140206,Revance Therapeutics,RVNC,761330109,0,1,0,0,.,14467,1999,,,,7613
2487,12377,20140214,Inogen,INGN,45780L104,0,1,0,0,.,14459,2001,,,,4578
2492,12384,20140306,Recro Pharma Inc,REPH,75629F109,0,1,0,0,.,14550,2007,,,,7562
2493,12385,20140312,Achaogen Inc,AKAO,004449104,0,1,0,0,.,14530,2002,,,,0044
2504,12400,20140326,King Digital Entertainment plc,KING,G5258J109,0,1,0,1,.,14524,2003,,,,G525
2508,12406,20140327,TriNet Group,TNET,896288107,0,2,0,0,.,14521,1988,,,,8962
2510,12408,20140328,Aerohive Networks,HIVE,007786106,0,1,0,1,.,14498,2006,,,,0077
2517,12420,20140404,Opower Inc,OPWR,68375Y109,0,1,0,0,.,14578,2007,,,,6837
2518,12422,20140409,iKang Healthcare Group Inc,KANG,45174L108,0,1,1,0,32166983,14600,2011,,,,4517
2521,12426,20140411,Enable Midstream Partners LP,ENBL,292480100,0,0,1,0,415710860,14564,-99,,,,2924
2530,12437,20140417,Sportsman's Warehouse Hldg Inc,SPWH,84920Y106,0,0,0,0,.,14609,1986,,,,8492
2531,12438,20140417,Vital Therapies Inc,VTL,92847R104,0,1,0,0,.,14615,2003,,,,9284
2542,12453,20140515,Bankwell Financial Group,BWFG,06654A103,0,0,0,0,.,14650,2002,,,,0665
2548,12462,20140523,Parsley Energy Inc,PE,701877102,0,0,1,0,111713550,14634,2008,,,,7018
2550,12464,20140606,Arista Networks Inc,ANET,040413106,0,1,0,0,.,14714,2004,,,,0404
2552,12469,20140612,Zhaopin Ltd,ZPIN,98954L103,0,0,1,0,94272260,14753,1994,,,,9895
2556,12474,20140618,Foresight Energy LP,FELP,34552U104,0,0,1,0,129477790,14721,2004,,,,3455
2559,12481,20140619,Zafgen Inc,ZFGN,98885E103,0,1,0,0,.,14711,2005,,,,9888
2569,12498,20140702,GlobeImmune Inc,GBIM,37957B100,0,1,0,0,.,14801,1995,,,,3795
2574,12507,20140718,SAGE Therapeutics Inc,SAGE,78667J108,0,1,0,0,.,14828,2010,,,,7866
2577,12512,20140723,Immune Design Corp,IMDZ,45252L103,0,1,0,0,.,14805,2008,,,,4525
2587,12528,20140731,HealthEquity Inc,HQY,42226A107,0,1,0,0,.,14803,2002,,,,4222
2591,12533,20140801,FCB Financial Holdings Inc,FCB,30255G103,0,0,1,0,40446199,14851,2009,,,,3025
2596,12540,20140807,iDreamSky Technology Ltd,DSKY,45173K101,0,1,1,0,42323188,14864,2012,,,,4517
2607,12559,20140924,Vitae Pharmaceuticals Inc,VTAE,92847N103,0,1,0,0,.,14938,2001,,,,9284
2609,12567,20141001,Vivint Solar Inc,VSLR,92854Q106,0,0,0,0,.,14982,2011,,,,9285
2612,12572,20141002,VWR Corp,VWR,91843L103,0,0,0,0,.,15023,2007,,,,9184
2644,12617,20141114,Virgin America Inc,VA,92765X208,0,2,0,0,.,15088,2004,,,,9276
2655,12635,20141212,James River Group Holdings Ltd,JRVR,G5005R107,0,0,0,0,.,15133,2002,,,,G500
2657,12637,20141212,New Relic Inc,NEWR,64829B100,0,1,0,0,.,15108,2007,,,,6482
2659,12639,20141217,On Deck Capital Inc,ONDK,682163100,0,1,0,1,.,15110,2006,,,,6821
2661,12642,20141219,Juno Therapeutics Inc,JUNO,48205A109,0,1,0,0,.,15134,2013,,,,4820
2664,12647,20150123,Box Inc,BOX,10316T104,0,1,1,1,116444702,15145,2005,,,,1031
2674,12663,20150212,Inovalon Holdings Inc,INOV,45781D101,0,0,1,0,144479367,15220,1998,,,,4578
2676,12668,20150218,Inotek Pharmaceuticals Corp,ITEK,45780V102,0,1,0,0,.,15221,1996,,,,4578
2682,12680,20150401,GoDaddy Inc,GDDY,380237107,0,0,1,1,152251200,15315,1997,,,,3802
2690,12692,20150424,Apigee Corp,APIC,03765N108,0,1,0,0,.,15283,2004,,,,0376
2694,12700,20150506,Adaptimmune Therapeutics plc,ADAP,00653A107,0,1,1,0,424711900,15361,2008,,,,0065
2699,12707,20150512,EQT GP Holdings LP,EQGP,26885J103,0,0,1,0,266165000,15349,2015,,,,2688
2708,12724,20150605,Evolent Health Inc,EVH,30050B101,0,1,1,0,67251344,15452,2011,,,,3005
2713,12732,20150619,8point3 Energy Partners LP,CAFD,282539105,0,0,1,0,91000000,15415,2015,,,,2825
2714,12734,20150619,Fogo De Chao Inc,FOGO,344177100,0,0,0,0,.,15426,1979,,,,3441
2729,12756,20150716,Jupai Holdings Ltd,JP,48205B107,0,0,1,0,176016759,15577,2012,,,,4820
2734,12764,20150723,Live Oak Bancshares Inc,LOB,53803X105,0,0,0,0,.,15527,2008,,,,5380
2739,12774,20150805,Amplify Snack Brands Inc,BETR,03211L102,0,0,0,0,.,15599,2010,,,,0321
2744,12780,20150812,Global Blood Therapeutics Inc,GBT,37890U108,0,1,0,0,.,15638,2011,,,,3789
2752,12796,20151007,Aclaris Therapeutics Inc,ACRS,00461U105,0,1,0,0,.,15775,2012,,,,0046
2753,12797,20151007,Pure Storage Inc,PSTG,74624M102,0,1,1,0,185056764,15729,2009,,,,7462
2759,12811,20151104,Fuling Global Inc,FORK,G3729B102,.,0,0,0,.,15841,1995,,,,G372
2761,12813,20151111,Equity Bancshares Inc,EQBK,29460X109,0,0,1,0,7285805,15838,2003,,,,2946
2763,12817,20151113,Instructure Inc,INST,45781U103,0,1,0,1,.,15824,2008,,,,4578
2764,12819,20151119,Axsome Therapeutics Inc,AXSM,05464T104,0,0,0,0,.,15831,2012,,,,0546
2780,12844,20160506,Intellia Therapeutics Inc,NTLA,45826J105,0,1,0,0,.,16064,2014,,,,4582
2791,12859,20160526,GMS Inc,GMS,36251C103,0,0,0,0,.,16076,1971,,,,3625
2796,12870,20160623,Twilio Inc,TWLO,90138F102,0,1,1,0,82200793,16140,2008,,,,9013
2800,12878,20160722,TPI Composites Inc,TPIC,87266J104,0,2,0,0,.,16188,1968,,,,8726
2801,12879,20160727,Kadmon Holdings LLC,KDMN,48283N106,0,1,0,0,.,16154,2010,,,,4828
2802,12880,20160728,Kinsale Capital Group Inc,KNSL,49714P108,0,2,0,0,.,16171,2009,,,,4971
2808,12887,20160811,Medpace Inc,MEDP,58506Q109,0,0,0,0,.,16260,1992,,,,5850
2812,12893,20160916,Everbridge Inc,EVBG,29978A104,0,1,0,0,.,16287,2002,,,,2997
2813,12894,20160916,FB Financial Corp,FBK,30257X104,0,0,0,0,.,16319,1984,,,,3025
2814,12897,20160921,Trade Desk Inc,TTD,88339J105,0,1,1,1,38228554,16309,2009,,,,8833
2815,12898,20160922,Capstar Financial Holdings Inc,CSTR,14070T102,0,0,0,0,.,16285,2007,,,,1407
2826,12909,20161006,AquaVenture Holdings LLC,WAAS,G0443N107,0,2,0,0,.,16450,2006,,,,G044
2830,12914,20161011,Avista Healthcare Public Acq,AHPAU,G0726L125,0,0,1,0,38625000,16522,2015,,,,G072
2834,12920,20161020,Forterra Inc,FRTA,34960W106,1,0,0,0,.,16384,1991,,,,3496
2838,12925,20161028,Acushnet Holdings Corp,GOLF,005098108,0,0,0,0,.,16434,1910,,,,0050
2840,12928,20161028,Quantenna Communications Inc,QTNA,74766D100,0,1,0,1,.,16397,2005,,,,7476
2843,12932,20161201,Innovative Industrial Ppty Inc,IIPR,45781V101,0,0,1,0,3350000,16515,2016,,,,4578
2845,12935,20161209,Athene Holding Ltd,ATH,G0684D107,0,2,1,0,200690750,16496,2009,,,,G068
2861,12958,20170301,Hamilton Lane Inc,HLNE,407497106,0,0,1,0,45005761,16632,1991,,,,4074
2864,12962,20170310,Matlin & Partners Acq Corp,MPACU,57682V106,0,0,1,0,30000000,16674,2016,,,,5768
2869,12967,20170317,ProPetro Holding Corp,PUMP,74347M108,0,2,0,0,.,16617,2005,,,,7434
2870,12968,20170324,Alteryx Inc,AYX,02156B103,0,1,1,0,56320544,16597,1997,,,,0215
2871,12970,20170329,Kayne Anderson Acq Corp,KAACU,48661U102,0,0,1,0,43750000,16673,2016,,,,4866
2878,12982,20170413,Warrior Met Coal,HCC,93627C101,0,0,0,0,.,16653,1977,,,,9362
2883,12988,20170428,Cloudera Inc,CLDR,18914U100,0,1,0,1,.,16657,2008,,,,1891
2886,12996,20170505,KKR Real Estate Fin Trust,KREF,48251K100,0,0,0,0,.,16691,2014,,,,4825
2897,13011,20170602,KBL Merger IV Corp,KBLMU,48242A104,0,1,1,0,10450000,16788,2016,,,,4824
2898,13012,20170607,ShotSpotter Inc,SSTI,82536T107,0,1,0,1,.,16805,2004,,,,8253
2901,13016,20170619,Constellation Alpha Capital,CNACU,G2379F108,0,0,1,0,16130000,16880,-99,,,,G237
2909,13034,20170712,Co-Diagnostics Inc,CODX,189763105,0,1,0,0,.,16820,2013,,,,1897
2911,13039,20170720,TPG RE Finance Trust Inc,TRTX,87266M107,0,0,0,0,.,16813,2014,,,,8726
2923,13057,20170914,Social Capital Hedosophia,IPOAU,G8250R103,0,1,1,0,75000000,16964,2017,,,,G825
2928,13064,20170920,Zai Lab Ltd,ZLAB,98887Q104,0,1,1,0,49305903,16938,2013,,,,9888
2930,13072,20170928,Nightstar Therapeutics Ltd,NITE,65413A101,0,1,1,0,28904714,16930,2013,,,,6541
2933,13078,20171006,Switch Inc,SWCH,87105L104,0,0,1,0,216568963,16966,2000,,,,8710
2937,13082,20171012,Restoration Robotics Inc,HAIR,76133C103,0,1,0,0,.,16987,2002,,,,7613
2946,13095,20171027,Forescout Technologies Inc,FSCT,34553D101,0,1,0,1,.,16984,2000,,,,3455
2952,13101,20171102,Evoqua Water Technologies Corp,AQUA,30057T105,0,0,0,0,.,17035,2013,,,,3005
2955,13104,20171103,Acm Research Inc,ACMR,00108J109,0,1,1,0,12702546,17045,1998,,,,0010
2957,13108,20171107,Meridian Bank,MRBK,58958P104,0,0,0,0,.,17117,2004,,,,5895
2961,13113,20171109,Apellis Pharmaceuticals Inc,APLS,03753U106,0,1,0,0,.,17104,2009,,,,0375
2962,13114,20171109,Sogou Inc,SOGO,83409V104,0,0,1,1,391520000,17098,2005,,,,8340
2965,13118,20171116,Arsanis Inc,ASNS,042873109,0,1,0,0,.,17105,2010,,,,0428
2972,13133,20171207,Quanterix Corp,QTRX,74766Q101,0,1,0,0,.,17155,2007,,,,7476
2975,13137,20171215,Casa Systems Inc,CASA,14713L102,0,1,0,0,.,17135,2003,,,,1471
2980,13145,20180112,Liberty Oilfield Services Inc,LBRT,53115L104,0,2,1,0,118195409,17221,2011,,,,5311
2986,13159,20180126,resTORbio Inc,TORC,76133L103,0,1,0,0,.,17272,2016,,,,7613
2991,13169,20180208,Evolus Inc,EOLS,30052C107,0,0,0,0,.,17317,2012,,,,3005
3000,13191,20180328,Bilibili Inc,BILI,090040106,0,1,1,0,278482784,17346,2009,,,,0900
3005,13204,20180420,Pivotal Software,PVTL,72582H107,0,1,1,0,250336392,17673,2013,,,,7258
3014,13218,20180504,Spirit of Texas Bancshares Inc,STXB,84861D103,0,0,0,0,.,17802,2008,,,,8486
3015,13220,20180509,Origin Bancorp Inc,OBNK,68621T102,.,0,0,0,.,17818,1912,,,,6862
3021,13239,20180615,Avalara Inc,AVLR,05338G106,0,1,0,1,.,17855,1999,,,,0533
3035,13264,20180628,Forty Seven Inc,FTSV,34983P104,0,1,0,0,.,17883,2014,,,,3498
3038,13268,20180628,Tricida Inc,TCDA,89610F101,0,1,0,0,.,17900,2013,,,,8961
3047,13282,20180725,Bloom Energy Corp,BE,093712107,0,1,1,0,106066537,17949,2001,,,,0937
3049,13287,20180726,Focus Financial Partners Inc,FOCS,34417P100,1,2,1,0,62596884,17950,2004,,,,3441
3052,13290,20180726,Tenable Holdings Inc,TENB,88025T102,0,1,0,0,.,17944,2002,,,,8802
3053,13293,20180727,Opera Ltd,OPRA,68373M107,0,0,1,0,219449999,17971,1995,,,,6837
3055,13298,20180803,Arlo Technologies Inc,ARLO,04206A101,0,0,0,1,.,18013,2014,,,,0420
3061,13317,20180920,Bank7 Corp,BSVN,06652N107,0,0,0,0,.,18106,2001,,,,0665
3063,13319,20180920,Eventbrite Inc,EB,29975E109,0,1,1,1,76109314,18063,2006,,,,2997
3066,13322,20180925,Viomi Technology Co Ltd,VIOT,92762J103,0,0,1,1,207800000,18131,2014,,,,9276
3070,13327,20180926,Sutro Biopharma Inc,STRO,869367102,0,1,0,0,.,18128,2003,,,,8693
3083,13352,20181019,Logicbio Therapeutics Inc,LOGC,54142F102,0,1,0,0,.,18205,2014,,,,5414
3088,13361,20181031,Axonics Modulation Tech Inc,AXNX,05465P101,0,1,0,0,.,18190,2012,,,,0546
3089,13364,20181107,CNFinance Holdings Ltd,CNF,18979T105,0,0,1,0,1360434040,18223,2006,,,,1897
3096,13382,20181214,Legacy Housing Corp,LEGH,52472M101,0,0,0,0,.,18311,2005,,,,5247
